{"0": {"connected_components": [42, 4093], "path": [6, 2.8411772334283625]}, "1": {"connected_components": [56, 4069], "path": [7, 2.9193334836412106]}, "2": {"connected_components": [75, 4038], "path": [7, 2.9974945719406043]}, "3": {"connected_components": [93, 4009], "path": [7, 3.0573980499962907]}, "4": {"connected_components": [112, 3978], "path": [7, 3.120736719798975]}, "5": {"connected_components": [], "path": []}, "6": {"connected_components": [], "path": []}, "7": {"connected_components": [], "path": []}, "8": {"connected_components": [], "path": []}}