{"0": {"connected_components": [42, 4093], "path": [6, 2.8411772334283625]}, "1": {"connected_components": [56, 4069], "path": [7, 2.9193334836412106]}, "2": {"connected_components": [75, 4038], "path": [7, 2.9974945719406043]}, "3": {"connected_components": [93, 4009], "path": [7, 3.0573980499962907]}, "4": {"connected_components": [112, 3978], "path": [7, 3.120736719798975]}, "5": {"connected_components": [125, 3955], "path": [7, 3.1713605323419065]}, "6": {"connected_components": [142, 3928], "path": [7, 3.2242367971072894]}, "7": {"connected_components": [152, 3907], "path": [7, 3.2660702867527673]}, "8": {"connected_components": [165, 3883], "path": [7, 3.3071829370764094]}}